epoch,train_loss,train_acc,val_loss,val_acc
1,0.706468,0.741778,0.420046,0.846667
2,0.405863,0.851130,0.350591,0.870500